City_ID,City,Country,Date,Lat,Lng,Max Temp,Humidity,Cloudiness,Wind Speed
0,Isla Vista,US,2021-05-23 21:48:31,34.4133,-119.861,81.34,53,1,6.91
1,Lebu,CL,2021-05-23 21:44:47,-37.6167,-73.65,53.15,78,100,2.26
2,Saskylakh,RU,2021-05-23 21:44:56,71.9167,114.0833,36.82,94,100,15.21
3,Aklavik,CA,2021-05-23 21:48:32,68.2191,-135.0107,36.43,72,89,22.37
4,Port Hardy,CA,2021-05-23 21:48:32,50.6996,-127.4199,55.58,76,75,11.5
5,San Patricio,US,2021-05-23 21:39:45,28.017,-97.5169,88.21,67,96,10.31
6,Butaritari,KI,2021-05-23 21:44:41,3.0707,172.7902,82.89,78,71,17.87
7,Santa Isabel,BR,2021-05-23 21:48:33,-23.3156,-46.2214,72.97,92,100,7.94
8,Kapaa,US,2021-05-23 21:44:18,22.0752,-159.319,81.48,69,40,3.0
9,Punta Arenas,CL,2021-05-23 21:44:03,-53.15,-70.9167,39.31,83,40,7.67
10,Nikolskoye,RU,2021-05-23 21:44:15,59.7035,30.7861,51.78,97,66,9.33
11,Santiago De Cuba,CU,2021-05-23 21:48:33,20.0247,-75.8219,83.52,78,40,12.66
12,Tiksi,RU,2021-05-23 21:48:34,71.6872,128.8694,32.4,77,60,9.95
13,Jamestown,US,2021-05-23 21:39:11,42.097,-79.2353,79.92,73,90,10.36
14,Mataura,NZ,2021-05-23 21:44:05,-46.1927,168.8643,49.48,93,12,1.07
15,Saint-Philippe,RE,2021-05-23 21:44:14,-21.3585,55.7679,71.15,79,94,13.76
16,Sarahan,IN,2021-05-23 21:48:35,31.5167,77.8,52.75,75,74,2.89
17,Tasiilaq,GL,2021-05-23 21:42:31,65.6145,-37.6368,33.96,96,100,13.98
18,Ponta Do Sol,PT,2021-05-23 21:44:54,32.6667,-17.1,65.03,71,95,9.93
19,Pevek,RU,2021-05-23 21:44:09,69.7008,170.3133,30.67,81,13,5.44
20,Mugan,CN,2021-05-23 21:48:36,35.9404,101.3842,41.74,69,1,1.92
21,Hithadhoo,MV,2021-05-23 21:44:09,-0.6,73.0833,83.84,72,98,12.01
22,Port Elizabeth,ZA,2021-05-23 21:45:01,-33.918,25.5701,52.09,71,40,3.44
23,Tabou,CI,2021-05-23 21:48:36,4.423,-7.3528,80.92,83,13,7.34
24,Albany,US,2021-05-23 21:39:44,42.6001,-73.9662,71.74,79,97,8.34
25,Hermanus,ZA,2021-05-23 21:43:20,-34.4187,19.2345,57.79,54,56,8.5
26,Barrow,US,2021-05-23 21:46:20,71.2906,-156.7887,32.02,86,90,16.11
27,Sipacapa,GT,2021-05-23 21:48:38,15.2,-91.6667,65.05,74,82,2.35
28,Busselton,AU,2021-05-23 21:44:00,-33.65,115.3333,45.09,63,81,18.79
29,Kirakira,SB,2021-05-23 21:44:02,-10.4544,161.9205,76.71,92,100,6.04
30,Hasaki,JP,2021-05-23 21:44:15,35.7333,140.8333,64.8,79,91,3.2
31,Kodiak,US,2021-05-23 21:44:04,57.79,-152.4072,51.31,71,1,4.61
32,New Norfolk,AU,2021-05-23 21:44:39,-42.7826,147.0587,47.75,82,96,3.6
33,Bluff,NZ,2021-05-23 21:44:02,-46.6,168.3333,49.8,64,91,8.14
34,Hamilton,US,2021-05-23 21:44:43,39.1834,-84.5333,85.05,56,90,3.0
35,Ushuaia,AR,2021-05-23 21:43:58,-54.8,-68.3,46.06,71,75,16.11
36,Rikitea,PF,2021-05-23 21:44:09,-23.1203,-134.9692,74.41,68,48,3.24
37,Ancud,CL,2021-05-23 21:44:07,-41.8697,-73.8203,58.53,92,83,11.21
38,Necochea,AR,2021-05-23 21:48:39,-38.5473,-58.7368,54.03,72,74,15.3
39,Florence,IT,2021-05-23 21:48:40,43.7667,11.25,64.72,65,0,3.44
40,Esperance,AU,2021-05-23 21:44:31,-33.8667,121.9,48.04,79,88,25.77
41,Apartado,CO,2021-05-23 21:48:40,7.883,-76.6259,82.49,84,100,2.39
42,Vigrestad,NO,2021-05-23 21:48:40,58.5667,5.7,48.0,76,94,5.32
43,Thompson,CA,2021-05-23 21:44:42,55.7435,-97.8558,62.76,34,20,9.22
44,Biak,ID,2021-05-23 21:48:41,-0.9131,122.8766,75.58,86,84,8.16
45,Cururupu,BR,2021-05-23 21:43:50,-1.8283,-44.8683,77.47,87,98,3.6
46,Vaini,TO,2021-05-23 21:46:51,-21.2,-175.2,71.76,94,90,11.5
47,Cape Town,ZA,2021-05-23 21:44:07,-33.9258,18.4232,66.61,44,0,8.03
48,Mazatlan,MX,2021-05-23 21:48:41,23.2167,-106.4167,83.91,65,48,8.01
49,Havre-Saint-Pierre,CA,2021-05-23 21:48:42,50.2334,-63.5986,50.36,43,75,20.71
50,Puerto Ayora,EC,2021-05-23 21:44:53,-0.7393,-90.3518,80.56,84,68,7.0
51,Maltahohe,NA,2021-05-23 21:48:42,-24.8333,16.9833,57.81,28,0,6.62
52,Fuente De Oro,CO,2021-05-23 21:48:42,3.4594,-73.6128,78.94,87,68,1.16
53,Mar Del Plata,AR,2021-05-23 21:39:57,-38.0023,-57.5575,57.0,56,75,8.99
54,Narsaq,GL,2021-05-23 21:44:14,60.9167,-46.05,44.82,47,100,11.03
55,Castanhal,BR,2021-05-23 21:48:43,-1.2939,-47.9264,78.39,97,100,4.14
56,Joshimath,IN,2021-05-23 21:47:47,30.5667,79.5667,59.11,71,87,3.51
57,Turayf,SA,2021-05-23 21:48:44,31.6725,38.6637,68.25,64,0,16.11
58,Bambous Virieux,MU,2021-05-23 21:44:47,-20.3428,57.7575,71.85,78,40,12.28
59,Goderich,CA,2021-05-23 21:48:25,43.7501,-81.7165,63.21,72,100,14.97
60,Phangnga,TH,2021-05-23 21:48:44,8.4509,98.5298,82.81,95,98,1.97
61,Vilyuysk,RU,2021-05-23 21:48:45,63.7553,121.6247,44.82,41,1,3.65
62,Biograd Na Moru,HR,2021-05-23 21:48:45,43.9433,15.4519,66.76,75,94,2.68
63,Hami,CN,2021-05-23 21:46:27,42.8,93.45,62.78,19,0,4.99
64,Talnakh,RU,2021-05-23 21:46:58,69.4865,88.3972,33.91,100,100,7.43
65,Faanui,PF,2021-05-23 21:44:35,-16.4833,-151.75,81.5,75,84,14.09
66,East London,ZA,2021-05-23 21:48:46,-33.0153,27.9116,63.55,32,86,6.82
67,Taoudenni,ML,2021-05-23 21:47:09,22.6783,-3.9836,101.03,15,6,9.33
68,Suez,EG,2021-05-23 21:48:46,29.9737,32.5263,66.16,77,1,9.57
69,Beloha,MG,2021-05-23 21:46:40,-25.1667,45.05,63.05,93,0,7.27
70,Guane,CU,2021-05-23 21:48:46,22.2025,-84.0875,86.27,41,96,12.46
71,Atuona,PF,2021-05-23 21:44:11,-9.8,-139.0333,79.57,80,25,19.66
72,Lorengau,PG,2021-05-23 21:48:47,-2.0226,147.2712,81.86,79,51,6.08
73,Hobart,AU,2021-05-23 21:44:38,-42.8794,147.3294,48.11,87,75,5.01
74,Buenavista,PH,2021-05-23 21:48:47,8.9769,125.4089,75.2,90,23,3.87
75,Sao Sepe,BR,2021-05-23 21:47:19,-30.1606,-53.5653,57.15,72,100,14.65
76,Kozlovo,RU,2021-05-23 21:48:48,56.5167,36.2667,47.52,91,12,11.5
77,Swidnik,PL,2021-05-23 21:48:48,51.219,22.6962,53.53,82,0,5.75
78,Comodoro Rivadavia,AR,2021-05-23 21:48:48,-45.8667,-67.5,58.86,55,0,21.85
79,Mao,ES,2021-05-23 21:44:45,39.8885,4.2658,57.76,94,0,12.66
80,Sao Francisco De Paula,BR,2021-05-23 21:48:49,-29.4481,-50.5836,49.91,79,70,14.23
81,Gat,IL,2021-05-23 21:44:03,31.61,34.7642,68.68,80,11,2.01
82,Qaanaaq,GL,2021-05-23 21:44:06,77.484,-69.3632,28.47,79,3,4.32
83,Angoche,MZ,2021-05-23 21:44:27,-16.2325,39.9086,71.47,83,58,9.62
84,Leningradskiy,RU,2021-05-23 21:47:09,69.3833,178.4167,31.57,87,69,0.56
85,Buala,SB,2021-05-23 21:47:34,-8.145,159.5921,80.71,84,100,13.85
86,Chokurdakh,RU,2021-05-23 21:46:30,70.6333,147.9167,26.76,95,96,3.29
87,Slavkov U Brna,CZ,2021-05-23 21:48:50,49.1533,16.8765,50.79,90,0,3.69
88,Tautira,PF,2021-05-23 21:48:50,-17.7333,-149.15,84.22,77,63,8.23
89,Souillac,MU,2021-05-23 21:47:56,-20.5167,57.5167,71.98,84,40,11.83
90,Ust-Omchug,RU,2021-05-23 21:48:50,61.15,149.6333,40.33,66,34,0.63
91,Emerald,AU,2021-05-23 21:48:51,-23.5333,148.1667,55.54,67,8,8.05
92,Quelimane,MZ,2021-05-23 21:48:51,-17.8786,36.8883,69.75,88,75,5.99
93,Palmer,US,2021-05-23 21:45:51,42.1584,-72.3287,80.67,65,75,4.0
94,Coihaique,CL,2021-05-23 21:48:52,-45.5752,-72.0662,51.75,82,75,8.05
95,Alofi,NU,2021-05-23 21:47:25,-19.0595,-169.9187,82.29,89,68,6.91
96,Acaponeta,MX,2021-05-23 21:48:52,22.4964,-105.3594,96.01,21,32,12.28
97,Svetlogorsk,BY,2021-05-23 21:48:53,52.6333,29.7333,49.41,91,96,5.1
98,Kasulu,TZ,2021-05-23 21:48:53,-4.5767,30.1025,64.17,85,18,1.66
99,Dikson,RU,2021-05-23 21:44:13,73.5069,80.5464,28.45,90,100,16.49
100,Khatanga,RU,2021-05-23 21:43:59,71.9667,102.5,35.67,92,100,7.92
101,Ixtapa,MX,2021-05-23 21:48:21,20.7,-105.2,92.52,32,1,7.78
102,Christchurch,NZ,2021-05-23 21:45:13,-43.5333,172.6333,51.01,90,40,5.01
103,Mahebourg,MU,2021-05-23 21:44:23,-20.4081,57.7,71.89,88,40,2.3
104,Gainesville,US,2021-05-23 21:46:52,29.6516,-82.3248,89.85,34,1,1.01
105,Hajnowka,PL,2021-05-23 21:45:51,52.7433,23.5812,50.02,78,100,1.01
106,Tuktoyaktuk,CA,2021-05-23 21:44:21,69.4541,-133.0374,33.8,86,75,12.66
107,Pingliang,CN,2021-05-23 21:48:54,35.5392,106.6861,51.8,58,0,5.46
108,Fortuna,US,2021-05-23 21:47:42,40.5982,-124.1573,77.47,60,1,3.0
109,Uthal,PK,2021-05-23 21:48:55,25.8072,66.6219,82.49,76,27,6.76
110,Santa Lucia,ES,2021-05-23 21:48:55,27.9117,-15.5407,60.76,74,40,19.06
111,Edgewater,US,2021-05-23 21:48:55,28.9889,-80.9023,89.26,52,50,8.12
112,Yellowknife,CA,2021-05-23 21:40:37,62.456,-114.3525,64.33,45,40,5.99
113,Havre,FR,2021-05-23 21:48:56,49.5833,0.3333,57.43,67,90,23.04
114,Hanzhong,CN,2021-05-23 21:46:22,33.0728,107.0303,60.94,71,100,1.25
115,Hilo,US,2021-05-23 21:44:36,19.7297,-155.09,80.33,79,40,13.8
116,Maceio,BR,2021-05-23 21:45:42,-9.6658,-35.7353,76.44,79,0,7.9
117,Kidal,ML,2021-05-23 21:48:57,18.4411,1.4078,96.1,19,92,14.94
118,Nador,MA,2021-05-23 21:48:57,35.174,-2.9287,64.65,56,0,9.73
119,Luwuk,ID,2021-05-23 21:47:52,-0.9516,122.7875,76.17,89,87,5.91
120,Honiara,SB,2021-05-23 21:48:57,-9.4333,159.95,76.82,90,100,8.03
121,Bredasdorp,ZA,2021-05-23 21:44:16,-34.5322,20.0403,57.27,48,70,6.31
122,Avarua,CK,2021-05-23 21:43:58,-21.2078,-159.775,80.65,83,75,12.66
123,Torbay,CA,2021-05-23 21:44:11,47.6666,-52.7314,51.58,92,90,25.32
124,Quatre Cocos,MU,2021-05-23 21:48:58,-20.2078,57.7625,71.71,79,60,11.54
125,Pretoria,ZA,2021-05-23 21:48:59,-25.7449,28.1878,56.21,55,83,1.63
126,Brunswick,US,2021-05-23 21:46:37,41.2381,-81.8418,87.4,48,75,1.99
127,Sedro-Woolley,US,2021-05-23 21:45:43,48.5039,-122.2361,63.5,80,90,7.09
128,Portland,US,2021-05-23 21:48:28,45.5234,-122.6762,63.61,81,90,1.99
129,Georgetown,MY,2021-05-23 21:42:47,5.4112,100.3354,82.89,87,20,1.99
130,Westport,US,2021-05-23 21:48:10,41.1415,-73.3579,89.58,67,90,13.29
131,Lahaina,US,2021-05-23 21:49:00,20.8783,-156.6825,84.2,73,12,5.95
132,Mutsu,JP,2021-05-23 21:49:00,41.2894,141.2169,59.0,89,79,10.0
133,Sao Gabriel Da Cachoeira,BR,2021-05-23 21:44:46,-0.1303,-67.0892,78.31,94,99,1.61
134,Ben Tre,VN,2021-05-23 21:49:00,10.2333,106.3833,75.65,96,100,5.55
135,Clyde River,CA,2021-05-23 21:44:10,70.4692,-68.5914,21.43,93,90,14.97
136,Carnarvon,AU,2021-05-23 21:41:24,-24.8667,113.6333,59.07,100,75,3.44
137,Cidreira,BR,2021-05-23 21:44:11,-30.1811,-50.2056,58.1,69,42,27.04
138,Hofn,IS,2021-05-23 21:44:33,64.2539,-15.2082,41.67,82,81,16.84
139,Angouleme,FR,2021-05-23 21:49:01,45.65,0.15,55.72,91,0,7.05
140,Los Llanos De Aridane,ES,2021-05-23 21:44:56,28.6585,-17.9182,64.15,72,90,22.88
141,Constitucion,CL,2021-05-23 21:44:22,-35.3333,-72.4167,55.08,76,48,11.77
142,Kendari,ID,2021-05-23 21:44:45,-3.945,122.4989,75.09,93,95,3.38
143,Agadez,NE,2021-05-23 21:49:02,19.75,10.25,89.02,9,0,6.62
144,Tinlot,BE,2021-05-23 21:49:02,50.4752,5.3784,54.39,82,0,12.88
145,Northam,GB,2021-05-23 21:44:25,51.0333,-4.2167,49.01,88,83,14.92
146,Vestmannaeyjar,IS,2021-05-23 21:46:56,63.4427,-20.2734,44.08,77,36,7.45
147,Batagay-Alyta,RU,2021-05-23 21:47:17,67.8006,130.4114,33.98,61,11,3.24
148,Dingle,PH,2021-05-23 21:44:49,10.9995,122.6711,77.43,86,0,3.44
149,Ewa Beach,US,2021-05-23 21:44:49,21.3156,-158.0072,83.7,62,1,11.01
150,Muroto,JP,2021-05-23 21:49:03,33.2833,134.15,66.24,70,100,7.49
151,Arcachon,FR,2021-05-23 21:49:03,44.5875,-1.0519,53.92,87,0,0.0
152,Ndioum,SN,2021-05-23 21:49:03,16.5129,-14.6471,87.69,33,0,16.37
153,Hounde,BF,2021-05-23 21:49:04,11.5,-3.5167,88.21,39,100,4.43
154,Linares,CL,2021-05-23 21:49:04,-35.85,-71.6,50.49,76,7,6.42
155,Maymyo,MM,2021-05-23 21:49:05,22.0333,96.4667,68.56,88,67,1.88
156,Mindif,CM,2021-05-23 21:49:05,10.3976,14.4363,93.45,25,90,1.16
157,Mount Gambier,AU,2021-05-23 21:47:28,-37.8333,140.7667,55.31,62,100,16.11
158,Praia Da Vitoria,PT,2021-05-23 21:48:01,38.7333,-27.0667,62.85,67,20,5.08
159,Muros,ES,2021-05-23 21:49:05,42.7762,-9.0603,58.08,94,100,18.21
160,Richards Bay,ZA,2021-05-23 21:44:36,-28.783,32.0377,62.65,81,2,8.52
161,Beringovskiy,RU,2021-05-23 21:49:06,63.05,179.3167,31.91,98,100,10.04
162,Upington,ZA,2021-05-23 21:49:06,-28.4478,21.2561,59.04,20,0,12.48
163,Bani,DO,2021-05-23 21:49:07,18.2833,-70.3333,85.44,63,13,14.25
164,Kitimat,CA,2021-05-23 21:49:07,54.0524,-128.6534,62.91,46,32,3.0
165,Paso De Los Toros,UY,2021-05-23 21:49:07,-32.8167,-56.5167,55.74,80,68,17.6
166,Wagar,SD,2021-05-23 21:49:07,16.1525,36.2032,88.97,41,0,7.52
167,Port Alfred,ZA,2021-05-23 21:44:00,-33.5906,26.891,65.41,38,83,9.75
168,Viedma,AR,2021-05-23 21:49:08,-40.8135,-62.9967,53.01,61,28,7.67
169,Ilulissat,GL,2021-05-23 21:44:03,69.2167,-51.1,42.82,31,89,11.5
170,Kulhudhuffushi,MV,2021-05-23 21:49:08,6.6221,73.07,83.3,77,100,17.92
171,Cabo San Lucas,MX,2021-05-23 21:41:07,22.8909,-109.9124,90.81,61,1,9.22
172,Dargaville,NZ,2021-05-23 21:49:09,-35.9333,173.8833,58.08,65,100,14.52
173,Agbor,NG,2021-05-23 21:49:09,6.2518,6.1934,76.1,90,95,4.63
174,Norman Wells,CA,2021-05-23 21:49:09,65.282,-126.8329,48.24,93,90,13.8
175,Ajdabiya,LY,2021-05-23 21:47:24,30.7554,20.2263,76.23,22,0,3.18
176,Bakchar,RU,2021-05-23 21:49:10,57.0186,82.0711,58.32,87,100,7.7
177,Aksarka,RU,2021-05-23 21:49:10,66.5606,67.7975,41.5,66,18,24.54
178,Dobson,US,2021-05-23 21:49:10,36.3957,-80.7226,88.52,41,40,7.99
179,Palmas,BR,2021-05-23 21:49:11,-10.2128,-48.3603,85.87,66,0,5.75
180,Vieux-Habitants,GP,2021-05-23 21:49:11,16.0589,-61.7659,83.77,73,94,14.97
181,Zaraza,VE,2021-05-23 21:49:11,9.3503,-65.3245,83.23,66,95,7.74
182,Grindavik,IS,2021-05-23 21:44:45,63.8424,-22.4338,48.67,73,75,6.04
183,Lompoc,US,2021-05-23 21:44:13,34.6391,-120.4579,74.37,65,1,18.41
184,Indianola,US,2021-05-23 21:49:12,41.3581,-93.5574,82.2,76,73,8.68
185,La Cruz,MX,2021-05-23 21:44:28,23.9167,-106.9,89.47,43,50,7.0
186,Wenling,CN,2021-05-23 21:49:12,28.3669,121.36,68.92,95,100,9.51
187,Huarmey,PE,2021-05-23 21:48:10,-10.0681,-78.1522,68.74,78,21,9.86
188,Nanortalik,GL,2021-05-23 21:44:53,60.1432,-45.2371,37.26,66,100,6.22
189,Xiuyan,CN,2021-05-23 21:49:01,40.2928,123.2744,53.42,70,2,4.07
190,Moron,AR,2021-05-23 21:49:13,-34.6534,-58.6198,57.09,78,78,3.0
191,Balikpapan,ID,2021-05-23 21:47:40,-1.2675,116.8289,75.22,91,93,2.86
192,Chuy,UY,2021-05-23 21:44:40,-33.6971,-53.4616,53.65,89,100,24.63
193,Gazli,UZ,2021-05-23 21:49:14,40.1333,63.45,77.95,21,0,3.53
194,Pervouralsk,RU,2021-05-23 21:49:14,56.9053,59.9436,52.05,97,96,2.55
195,Nelson Bay,AU,2021-05-23 21:49:14,-32.7167,152.15,58.1,95,70,3.96
196,Kavaratti,IN,2021-05-23 21:46:35,10.5669,72.642,83.19,74,98,7.02
197,Liuzhou,CN,2021-05-23 21:49:15,24.3126,109.3892,69.66,95,100,8.25
198,Port Lincoln,AU,2021-05-23 21:49:15,-34.7333,135.8667,66.87,44,100,23.06
199,Agirish,RU,2021-05-23 21:43:58,61.9247,63.0231,52.05,67,1,5.06
200,Kieta,PG,2021-05-23 21:47:39,-6.2167,155.6333,82.56,74,100,3.62
201,Bontang,ID,2021-05-23 21:47:14,0.1333,117.5,75.81,86,84,5.12
202,Morant Bay,JM,2021-05-23 21:49:16,17.8815,-76.4093,85.62,69,90,11.86
203,Iguape,BR,2021-05-23 21:49:16,-24.7081,-47.5553,70.34,89,16,8.37
204,Avera,US,2021-05-23 21:49:16,33.194,-82.5271,91.71,39,8,5.95
205,Yar-Sale,RU,2021-05-23 21:49:17,66.8333,70.8333,46.74,68,49,15.61
206,Riyadh,SA,2021-05-23 21:49:17,24.6877,46.7219,96.94,14,0,5.75
207,Batangafo,CF,2021-05-23 21:49:17,7.3008,18.2833,76.06,75,73,5.61
208,Provideniya,RU,2021-05-23 21:44:39,64.3833,-173.3,35.71,69,90,15.66
209,Lai,TD,2021-05-23 21:49:18,9.3952,16.2989,88.66,30,59,5.3
210,Kloulklubed,PW,2021-05-23 21:48:10,7.0419,134.2556,77.5,79,100,11.03
211,Komsomolskiy,UZ,2021-05-23 21:44:12,40.4272,71.7189,72.32,46,40,11.5
212,Byron Bay,AU,2021-05-23 21:47:15,-28.65,153.6167,67.05,79,97,11.97
213,Samarai,PG,2021-05-23 21:44:36,-10.6167,150.6667,79.72,71,100,18.19
214,San Quintin,MX,2021-05-23 21:49:18,30.4833,-115.95,66.72,58,0,18.97
215,Tarko-Sale,RU,2021-05-23 21:49:19,64.9225,77.785,48.0,92,89,4.0
216,New Richmond,US,2021-05-23 21:46:10,45.123,-92.5366,76.23,72,90,8.05
217,Castro,BR,2021-05-23 21:40:05,-24.7911,-50.0119,52.34,56,2,7.16
218,Teguise,ES,2021-05-23 21:49:19,29.0605,-13.564,62.82,77,20,29.19
219,Hailey,US,2021-05-23 21:49:20,43.5196,-114.3153,51.66,54,90,9.22
220,Ribeira Grande,PT,2021-05-23 21:44:14,38.5167,-28.7,60.82,63,97,4.56
221,Ukiah,US,2021-05-23 21:47:23,39.1502,-123.2078,80.02,30,1,9.22
222,Sao Filipe,CV,2021-05-23 21:44:44,14.8961,-24.4956,73.81,75,1,12.21
223,Sorab,IN,2021-05-23 21:49:20,14.3833,75.1,72.59,95,100,5.01
224,Fort Nelson,CA,2021-05-23 21:45:29,58.8053,-122.7002,67.59,26,75,4.61
225,Mae Chan,TH,2021-05-23 21:49:21,20.1467,99.8526,81.79,80,97,1.45
226,Dunedin,NZ,2021-05-23 21:49:21,-45.8742,170.5036,48.79,64,89,8.01
227,Lauria,IT,2021-05-23 21:49:21,40.0465,15.8358,67.91,47,18,5.82
228,Namanga,KE,2021-05-23 21:49:22,-2.5433,36.7905,63.28,78,98,8.25
229,Bandar-E Lengeh,IR,2021-05-23 21:49:22,26.5579,54.8807,87.91,84,41,4.61
230,Kashiwazaki,JP,2021-05-23 21:49:22,37.3667,138.55,62.87,80,100,3.4
231,Tilichiki,RU,2021-05-23 21:49:23,60.4667,166.1,33.31,85,100,10.02
232,Geraldton,AU,2021-05-23 21:49:23,-28.7667,114.6,61.21,60,75,21.63
233,Deputatskiy,RU,2021-05-23 21:49:23,69.3,139.9,31.62,73,10,4.18
234,Okhotsk,RU,2021-05-23 21:49:23,59.3833,143.3,33.76,88,100,2.04
235,Penzance,GB,2021-05-23 21:49:24,50.1186,-5.5371,50.68,79,12,21.77
236,Atambua,ID,2021-05-23 21:49:24,-9.1061,124.8925,68.86,86,41,5.14
237,Maslovka,RU,2021-05-23 21:49:24,51.5535,39.2357,57.72,89,51,6.73
238,Coquimbo,CL,2021-05-23 21:44:47,-29.9533,-71.3436,62.33,66,0,5.37
239,Pamanukan,ID,2021-05-23 21:49:25,-6.2842,107.8106,75.96,90,41,5.19
240,Port Macquarie,AU,2021-05-23 21:49:25,-31.4333,152.9167,55.89,78,94,4.81
241,Mogok,MM,2021-05-23 21:49:26,22.9167,96.5,70.23,80,53,4.45
242,Iqaluit,CA,2021-05-23 21:49:26,63.7506,-68.5145,20.93,67,75,18.01
243,Sao Joao Da Barra,BR,2021-05-23 21:49:26,-21.6403,-41.0511,78.89,83,100,11.18
244,Agutaya,PH,2021-05-23 21:49:27,11.148,120.9417,84.72,68,15,9.31
245,Thio,NC,2021-05-23 21:49:27,-21.6167,166.2167,67.96,70,25,4.52
246,Port Orange,US,2021-05-23 21:47:15,29.1383,-80.9956,89.24,59,40,10.36
247,Nairobi,KE,2021-05-23 21:47:43,-1.2833,36.8167,64.27,88,75,6.91
248,Adelaide,AU,2021-05-23 21:46:07,-34.9333,138.6,67.15,38,0,5.01
249,Reforma,MX,2021-05-23 21:49:27,18.1,-91.0167,86.97,54,98,7.87
250,Mount Pleasant,US,2021-05-23 21:44:54,32.7941,-79.8626,93.18,51,1,5.99
251,Tank,PK,2021-05-23 21:49:28,32.2217,70.3793,83.03,33,0,5.53
252,Lac Du Bonnet,CA,2021-05-23 21:49:28,50.2536,-96.0612,55.58,73,100,7.2
253,Togur,RU,2021-05-23 21:49:28,58.3631,82.8265,55.22,79,16,11.1
254,Upernavik,GL,2021-05-23 21:44:52,72.7868,-56.1549,29.97,86,15,9.28
255,Tonantins,BR,2021-05-23 21:49:29,-2.8731,-67.8022,78.08,95,22,1.68
256,Torres,BR,2021-05-23 21:49:29,-29.3353,-49.7269,57.88,64,1,11.21
257,Yarmouth,US,2021-05-23 21:48:37,41.7057,-70.2286,86.22,61,90,9.22
258,Chinsali,ZM,2021-05-23 21:49:30,-10.5414,32.0816,60.89,62,63,5.73
259,Porbandar,IN,2021-05-23 21:49:30,21.6422,69.6093,83.41,77,0,12.03
260,Sabha,LY,2021-05-23 21:48:23,27.0377,14.4283,90.41,9,0,12.26
261,Salobrena,ES,2021-05-23 21:49:30,36.7428,-3.5872,63.75,61,5,6.98
262,Saint George,US,2021-05-23 21:49:31,37.1041,-113.5841,77.63,15,1,7.0
263,Garoua,CM,2021-05-23 21:44:06,9.3,13.4,84.02,54,84,5.19
264,Monrovia,LR,2021-05-23 21:49:31,6.3005,-10.7969,80.37,80,52,6.82
265,Pokhara,NP,2021-05-23 21:49:32,28.2333,83.9833,70.74,64,36,6.96
266,Marand,IR,2021-05-23 21:49:32,38.4329,45.7749,70.14,56,3,3.44
267,Juigalpa,NI,2021-05-23 21:49:32,12.1063,-85.3645,91.31,49,40,9.22
268,Zhigansk,RU,2021-05-23 21:49:33,66.7697,123.3711,41.99,45,5,8.23
269,Miracema Do Tocantins,BR,2021-05-23 21:49:33,-9.5618,-48.3967,78.87,67,80,3.4
270,Bethel,US,2021-05-23 21:44:12,41.3712,-73.414,87.35,42,20,14.97
271,Tortona,IT,2021-05-23 21:49:33,44.8978,8.8637,65.95,72,100,3.58
272,Victoria,HK,2021-05-23 21:43:57,22.2855,114.1577,85.32,83,42,5.01
273,Lisala,CD,2021-05-23 21:49:34,2.15,21.5167,71.2,98,100,0.2
274,Isangel,VU,2021-05-23 21:49:34,-19.55,169.2667,73.51,61,75,9.98
275,Ust-Tsilma,RU,2021-05-23 21:44:43,65.441,52.1498,33.13,70,20,3.53
276,Malindi,KE,2021-05-23 21:49:35,-3.2175,40.1191,78.96,76,28,20.74
277,Boa Vista,BR,2021-05-23 21:49:35,2.8197,-60.6733,87.78,62,40,11.5
278,Nchelenge,ZM,2021-05-23 21:49:35,-9.3451,28.734,67.28,52,7,11.25
279,Zemio,CF,2021-05-23 21:49:35,5.0314,25.1361,69.44,98,100,2.89
280,Prince Rupert,CA,2021-05-23 21:45:13,54.3161,-130.3201,53.69,71,90,8.05
281,Paamiut,GL,2021-05-23 21:44:44,61.994,-49.6678,33.51,88,100,16.8
282,Houma,US,2021-05-23 21:49:36,29.5958,-90.7195,84.2,66,100,4.0
283,Yelnya,RU,2021-05-23 21:49:36,54.5786,33.1837,46.15,97,13,6.98
284,Kimbe,PG,2021-05-23 21:49:37,-5.5502,150.1429,80.06,82,100,2.33
285,Demyansk,RU,2021-05-23 21:49:37,57.643,32.466,48.02,94,100,13.73
286,Dzhebariki-Khaya,RU,2021-05-23 21:49:37,62.2167,135.8,50.4,43,100,6.02
287,Gunzenhausen,DE,2021-05-23 21:49:38,49.1,10.75,49.19,85,20,5.28
288,Najran,SA,2021-05-23 21:49:38,17.4924,44.1277,81.25,40,17,7.16
289,Vardo,NO,2021-05-23 21:47:08,70.3705,31.1107,35.74,63,33,7.0
290,Grand-Santi,GF,2021-05-23 21:44:33,4.25,-54.3833,75.54,99,100,4.41
291,Korla,CN,2021-05-23 21:46:05,41.7597,86.1469,66.52,25,41,11.77
292,Guarapari,BR,2021-05-23 21:49:39,-20.6667,-40.4975,78.69,74,100,9.62
293,Lavrentiya,RU,2021-05-23 21:44:16,65.5833,-171.0,32.79,96,93,4.79
294,Lowestoft,GB,2021-05-23 21:49:39,52.4752,1.7516,52.45,88,100,23.02
295,Guerrero Negro,MX,2021-05-23 21:44:58,27.9769,-114.0611,69.08,49,2,19.08
296,Mancio Lima,BR,2021-05-23 21:49:39,-7.6142,-72.8958,78.87,95,40,2.37
297,Ballina,AU,2021-05-23 21:49:40,-28.8667,153.5667,57.78,100,40,6.91
298,Roma,US,2021-05-23 21:45:14,43.2128,-75.4557,70.52,66,75,10.36
299,Lagoa,PT,2021-05-23 21:44:26,39.05,-27.9833,60.76,65,36,8.05
300,Severo-Kurilsk,RU,2021-05-23 21:44:20,50.6789,156.125,45.9,64,39,8.32
301,Kabarnet,KE,2021-05-23 21:49:40,0.4919,35.743,61.61,80,99,2.53
302,Mae Hong Son,TH,2021-05-23 21:47:12,19.3003,97.9685,74.01,99,82,1.74
303,Atbasar,KZ,2021-05-23 21:47:07,51.8,68.3333,70.23,32,1,5.75
304,Bridgetown,BB,2021-05-23 21:49:41,13.1,-59.6167,82.89,73,40,17.49
305,Port-Gentil,GA,2021-05-23 21:49:41,-0.7193,8.7815,80.56,89,40,9.22
306,Bengkulu,ID,2021-05-23 21:48:01,-3.8004,102.2655,75.56,89,94,3.69
307,Fuengirola,ES,2021-05-23 21:49:42,36.54,-4.6247,64.09,56,0,13.22
308,Saldanha,ZA,2021-05-23 21:49:42,-33.0117,17.9442,57.25,50,23,10.94
309,Kalabo,ZM,2021-05-23 21:49:42,-14.97,22.6814,58.33,54,1,6.11
310,Asau,RO,2021-05-23 21:49:43,46.4333,26.4,58.28,91,70,6.24
311,Charters Towers,AU,2021-05-23 21:49:43,-20.1,146.2667,63.68,82,0,9.17
312,Touros,BR,2021-05-23 21:48:05,-5.1989,-35.4608,79.7,82,3,13.76
313,Jalingo,NG,2021-05-23 21:49:43,8.8833,11.3667,80.33,72,89,3.89
314,Umm Kaddadah,SD,2021-05-23 21:49:44,13.6017,26.6876,80.62,13,9,11.7
315,Lasa,IT,2021-05-23 21:39:47,46.6166,10.7002,52.68,93,100,3.24
316,Serebryansk,KZ,2021-05-23 21:47:41,49.6925,83.2892,49.55,74,1,1.77
317,Bangangte,CM,2021-05-23 21:49:44,5.1409,10.5198,62.76,94,68,2.84
318,Banavar,IN,2021-05-23 21:49:45,13.4136,76.1683,71.92,82,99,6.55
319,Maryville,US,2021-05-23 21:49:45,35.7565,-83.9705,89.55,37,40,1.01
320,Maniitsoq,GL,2021-05-23 21:49:45,65.4167,-52.9,30.2,87,100,15.17
321,Katangli,RU,2021-05-23 21:49:46,51.7102,143.2326,35.69,91,100,9.35
322,Keningau,MY,2021-05-23 21:49:46,5.3378,116.1602,75.65,94,100,1.01
323,Rio Gallegos,AR,2021-05-23 21:49:46,-51.6226,-69.2181,46.45,81,40,11.5
324,Bandarbeyla,SO,2021-05-23 21:47:26,9.4942,50.8122,81.16,72,63,22.46
325,Arraial Do Cabo,BR,2021-05-23 21:44:56,-22.9661,-42.0278,76.86,78,0,2.3
326,Kavieng,PG,2021-05-23 21:44:18,-2.5744,150.7967,81.14,81,100,9.86
327,Verkhoyansk,RU,2021-05-23 21:49:47,67.5447,133.385,46.6,36,22,1.95
328,Nabire,ID,2021-05-23 21:49:47,-3.3667,135.4833,75.92,95,100,3.94
329,Shenjiamen,CN,2021-05-23 21:49:48,29.9576,122.298,64.65,92,100,16.26
330,Verkhnyaya Inta,RU,2021-05-23 21:44:05,65.9811,60.3094,34.83,58,96,16.73
331,Taber,CA,2021-05-23 21:49:48,49.8167,-112.1518,46.24,93,100,5.75
332,Manalongon,PH,2021-05-23 21:49:49,9.2209,122.886,78.46,80,9,3.53
333,Kayerkan,RU,2021-05-23 21:49:49,69.3497,87.7602,32.59,99,100,5.75
334,Hosanagara,IN,2021-05-23 21:49:49,13.9167,75.0667,70.74,98,98,2.21
335,Mount Isa,AU,2021-05-23 21:46:43,-20.7333,139.5,56.97,67,1,0.0
336,Manaus,BR,2021-05-23 21:49:50,-3.1019,-60.025,84.7,79,75,2.3
337,Mineros,BO,2021-05-23 21:49:50,-17.1167,-63.2333,69.39,35,100,9.24
338,Piacabucu,BR,2021-05-23 21:44:55,-10.4056,-36.4344,75.29,81,83,7.0
339,Cherskiy,RU,2021-05-23 21:44:04,68.75,161.3,43.25,53,11,5.88
340,Port Blair,IN,2021-05-23 21:49:50,11.6667,92.75,81.93,84,100,25.9
341,Novo Aripuana,BR,2021-05-23 21:49:51,-5.1206,-60.3797,80.4,77,76,2.51
342,Sinnamary,GF,2021-05-23 21:45:39,5.3833,-52.95,77.29,93,100,8.59
343,Jiuquan,CN,2021-05-23 21:49:51,39.7432,98.5174,52.38,20,0,6.33
344,Bathsheba,BB,2021-05-23 21:49:52,13.2167,-59.5167,83.01,74,40,16.58
345,Hualmay,PE,2021-05-23 21:49:52,-11.0964,-77.6139,66.7,79,45,8.59
346,Sarangani,PH,2021-05-23 21:49:52,5.4033,125.4636,82.71,72,35,4.25
347,Bakel,SN,2021-05-23 21:49:52,14.905,-12.4568,93.13,14,2,8.16
348,Baykit,RU,2021-05-23 21:47:11,61.67,96.37,43.48,98,100,3.69
349,Tigil,RU,2021-05-23 21:49:53,57.8,158.6667,42.62,63,55,10.18
350,Morropon,PE,2021-05-23 21:49:53,-5.1822,-79.9689,80.44,63,81,5.08
351,Udachnyy,RU,2021-05-23 21:48:33,66.4167,112.4,41.23,64,38,8.93
352,Hassleholm,SE,2021-05-23 21:49:54,56.1591,13.7664,49.53,80,31,8.1
353,Liwale,TZ,2021-05-23 21:49:54,-9.7667,37.9333,66.25,70,69,5.19
354,Mitu,CO,2021-05-23 21:49:54,1.1983,-70.1733,78.1,95,82,0.4
355,Thinadhoo,MV,2021-05-23 21:44:46,0.5333,72.9333,82.94,75,97,12.84
356,Husavik,IS,2021-05-23 21:48:03,66.0449,-17.3389,40.91,97,100,8.1
357,Mokhsogollokh,RU,2021-05-23 21:49:55,61.4681,128.9203,45.18,48,100,7.76
358,Vila Velha,BR,2021-05-23 21:45:27,-20.3297,-40.2925,78.75,82,0,5.99
359,Trelew,AR,2021-05-23 21:49:55,-43.249,-65.3051,54.9,58,86,9.69
360,Illapel,CL,2021-05-23 21:46:11,-31.6308,-71.1653,63.95,36,100,1.99
361,Teya,RU,2021-05-23 21:49:56,60.3778,92.6267,52.95,98,100,6.26
362,Vavatenina,MG,2021-05-23 21:49:56,-17.4667,49.2,62.51,98,41,2.8
363,Cockburn Town,TC,2021-05-23 21:49:45,21.4612,-71.1419,78.35,77,4,20.94
364,Dennery,LC,2021-05-23 21:49:57,13.8996,-60.8879,82.53,75,75,16.46
365,Takoradi,GH,2021-05-23 21:49:57,4.8845,-1.7554,79.93,87,54,5.14
366,Tazmalt,DZ,2021-05-23 21:49:57,36.3868,4.3989,72.41,65,96,2.53
367,Fairbanks,US,2021-05-23 21:49:58,64.8378,-147.7164,53.04,46,1,0.0
368,Iquique,CL,2021-05-23 21:46:35,-20.2208,-70.1431,62.64,75,12,1.32
369,Chingola,ZM,2021-05-23 21:49:58,-12.529,27.8838,52.81,58,27,7.54
370,Klaksvik,FO,2021-05-23 21:44:13,62.2266,-6.589,41.92,77,95,5.99
371,Henties Bay,NA,2021-05-23 21:44:05,-22.116,14.2845,75.85,43,0,3.38
372,The Valley,AI,2021-05-23 21:49:59,18.217,-63.0578,84.06,78,20,14.97
373,Kochubey,RU,2021-05-23 21:49:59,44.3861,46.5825,74.46,69,31,6.31
374,Makakilo City,US,2021-05-23 21:47:30,21.3469,-158.0858,82.29,65,1,12.66
375,Kazanskaya,RU,2021-05-23 21:49:59,45.4106,40.4361,63.79,96,96,6.73
376,Naze,JP,2021-05-23 21:50:00,28.3667,129.4833,72.52,91,74,15.48
377,Ust-Kuyga,RU,2021-05-23 21:48:30,70.0167,135.6,37.36,58,8,3.53
378,Deer Lake,CA,2021-05-23 21:50:00,49.1667,-57.4316,39.06,93,90,13.8
379,Lerwick,GB,2021-05-23 21:50:01,60.1545,-1.1494,46.4,77,100,13.76
380,Grand Gaube,MU,2021-05-23 21:44:41,-20.0064,57.6608,72.0,83,40,1.99
381,Puerto Baquerizo Moreno,EC,2021-05-23 21:50:01,-0.9,-89.6,79.79,69,40,16.11
382,Whitianga,NZ,2021-05-23 21:50:01,-36.8333,175.7,58.01,67,99,24.61
383,Jvari,GE,2021-05-23 21:50:02,42.7169,42.052,53.85,98,100,2.66
384,Sibu,MY,2021-05-23 21:50:03,2.3,111.8167,77.31,94,40,1.99
385,Beyneu,KZ,2021-05-23 21:50:04,45.3167,55.2,78.6,24,0,10.02
386,Fuxin,CN,2021-05-23 21:49:20,42.0156,121.6589,58.75,16,62,12.01
387,South Lake Tahoe,US,2021-05-23 21:48:58,38.9332,-119.9844,59.07,49,90,8.05
388,Yei,SS,2021-05-23 21:50:04,4.095,30.6779,67.69,90,100,1.54
389,Virginia Beach,US,2021-05-23 21:50:05,36.8529,-75.978,91.62,31,20,12.66
390,Pontianak,ID,2021-05-23 21:50:05,-0.0333,109.3333,76.98,95,90,4.14
391,Atar,MR,2021-05-23 21:46:13,20.5169,-13.0499,91.26,19,2,0.34
392,Mandali,IQ,2021-05-23 21:50:05,33.7499,45.5541,79.97,20,0,9.22
393,Chapais,CA,2021-05-23 21:50:06,49.7834,-74.8492,47.98,30,0,12.19
394,Morondava,MG,2021-05-23 21:44:25,-20.2833,44.2833,69.33,78,0,12.62
395,Gillette,US,2021-05-23 21:50:06,44.2911,-105.5022,67.12,23,75,13.0
396,Winnemucca,US,2021-05-23 21:50:06,40.973,-117.7357,57.25,44,75,13.27
397,Aloleng,PH,2021-05-23 21:50:07,16.1307,119.7824,82.09,77,7,4.83
398,Kuytun,RU,2021-05-23 21:50:07,54.3419,101.5036,39.67,85,99,2.89
399,Ostrovnoy,RU,2021-05-23 21:44:49,68.0531,39.5131,33.1,66,7,2.75
400,Staraya Poltavka,RU,2021-05-23 21:50:08,50.4772,46.4814,71.06,76,77,9.35
401,Mishkino,RU,2021-05-23 21:50:08,55.3389,63.9175,61.7,89,60,6.29
402,Te Anau,NZ,2021-05-23 21:50:08,-45.4167,167.7167,42.24,91,20,3.83
403,Qaqortoq,GL,2021-05-23 21:47:37,60.7167,-46.0333,45.1,51,100,7.31
404,Nome,US,2021-05-23 21:46:18,64.5011,-165.4064,43.16,81,90,10.36
405,Bima,ID,2021-05-23 21:44:48,-8.4667,118.7167,73.67,94,8,3.65
406,Arman,RU,2021-05-23 21:50:09,59.7,150.1667,41.23,75,31,2.26
407,Tura,IN,2021-05-23 21:45:22,25.5198,90.2201,78.55,70,16,4.03
408,Atasu,KZ,2021-05-23 21:50:09,48.6814,71.6433,62.38,41,0,9.17
409,Liusha,CN,2021-05-23 21:50:10,27.2098,108.59,57.4,96,96,2.48
410,Yarada,IN,2021-05-23 21:50:10,17.65,83.2667,84.52,60,90,1.86
411,Luanda,AO,2021-05-23 21:48:17,-8.8368,13.2343,78.8,89,20,8.05
412,Alice Town,BS,2021-05-23 21:50:10,25.7167,-79.3,75.29,67,74,14.74
413,Miraflores,MX,2021-05-23 21:50:11,19.2167,-98.8083,76.87,35,84,0.78
414,Bhilai,IN,2021-05-23 21:50:11,21.2167,81.4333,89.85,28,93,6.58
415,Puerto Leguizamo,CO,2021-05-23 21:50:11,-0.1934,-74.7819,79.05,95,96,0.85
416,Esso,RU,2021-05-23 21:50:12,55.9333,158.7,37.99,81,82,4.16
417,Kailahun,SL,2021-05-23 21:50:12,8.2833,-10.5667,69.17,96,96,4.25
418,Sorland,NO,2021-05-23 21:44:00,67.667,12.6934,41.07,70,100,13.51
419,Benoy,TD,2021-05-23 21:50:12,8.9833,16.3199,87.78,37,69,7.11
420,Marawi,PH,2021-05-23 21:50:13,7.9986,124.2928,67.64,93,63,0.72
421,Harper,LR,2021-05-23 21:50:13,4.375,-7.7169,80.87,82,6,8.28
422,Katsuura,JP,2021-05-23 21:50:13,35.1333,140.3,71.11,81,86,1.9
423,Rognan,NO,2021-05-23 21:50:14,67.0953,15.3878,44.89,80,99,7.16
424,Adrar,MR,2021-05-23 21:50:14,20.5022,-10.0711,92.66,19,19,13.22
425,Ozinki,RU,2021-05-23 21:50:14,51.1786,49.6769,70.9,32,0,11.03
426,Uvarovka,RU,2021-05-23 21:50:15,55.5278,35.6061,46.27,95,5,7.63
427,Kanniyakumari,IN,2021-05-23 21:50:15,8.0833,77.5667,81.09,83,100,16.91
428,Tiznit,MA,2021-05-23 21:50:15,29.5833,-9.5,66.69,46,41,3.58
429,Codrington,AU,2021-05-23 21:46:39,-38.2667,141.9667,54.18,68,100,11.74
430,Doha,QA,2021-05-23 21:47:10,25.2867,51.5333,95.31,53,0,4.61
431,Moses Lake,US,2021-05-23 21:50:16,47.1301,-119.2781,76.87,23,1,11.5
432,Mayo,US,2021-05-23 21:49:48,38.8876,-76.5119,91.51,54,1,11.52
433,Panaba,MX,2021-05-23 21:50:16,21.2833,-88.2667,85.68,56,99,10.67
434,Port Augusta,AU,2021-05-23 21:50:17,-32.5,137.7667,66.34,40,100,16.08
435,Buchanan,LR,2021-05-23 21:46:26,5.8808,-10.0467,80.56,81,31,4.97
436,Moose Jaw,CA,2021-05-23 21:50:17,50.4001,-105.5344,55.29,76,97,17.27
437,Inhambane,MZ,2021-05-23 21:50:17,-23.865,35.3833,66.2,66,0,10.09
438,Nosy Varika,MG,2021-05-23 21:50:18,-20.5833,48.5333,66.02,84,57,3.49
439,Hvolsvollur,IS,2021-05-23 21:50:18,63.7533,-20.2243,43.81,80,87,4.59
440,Haines Junction,CA,2021-05-23 21:50:18,60.7522,-137.5108,46.35,61,100,12.66
441,Leshukonskoye,RU,2021-05-23 21:50:18,64.8989,45.7622,35.38,70,84,8.05
442,Hovd,MN,2021-05-23 21:50:19,48.0056,91.6419,49.78,52,0,2.64
443,Trapani,IT,2021-05-23 21:50:19,37.8333,12.6667,66.38,70,0,7.7
444,Margate,GB,2021-05-23 21:48:30,51.3813,1.3862,52.21,77,100,7.0
445,Axim,GH,2021-05-23 21:44:55,4.8699,-2.2405,79.77,86,43,3.62
446,Palmeirais,BR,2021-05-23 21:50:20,-5.9778,-43.0633,80.19,57,39,2.33
447,Banda Aceh,ID,2021-05-23 21:50:20,5.5577,95.3222,81.23,81,100,10.51
448,Rouvroy,FR,2021-05-23 21:50:21,50.3925,2.904,55.9,83,95,13.98
449,Jacareacanga,BR,2021-05-23 21:50:21,-6.2222,-57.7528,80.92,76,100,1.97
450,Chapadinha,BR,2021-05-23 21:50:21,-3.7417,-43.3603,76.75,75,75,3.13
451,Pisco,PE,2021-05-23 21:50:21,-13.7,-76.2167,68.05,68,0,12.66
452,Jega,NG,2021-05-23 21:50:22,12.2175,4.3792,94.03,34,89,8.28
453,Taywarah,AF,2021-05-23 21:50:22,33.35,64.4167,47.17,28,0,3.02
454,Kuching,MY,2021-05-23 21:48:24,1.55,110.3333,73.62,100,20,1.14
455,Eyl,SO,2021-05-23 21:50:23,7.9803,49.8164,80.38,71,91,21.85
456,Blagoyevo,RU,2021-05-23 21:50:23,63.3667,47.9167,43.25,68,100,7.52
457,Brookhaven,US,2021-05-23 21:50:23,31.5791,-90.4407,86.95,57,100,2.75
458,Batemans Bay,AU,2021-05-23 21:47:17,-35.7167,150.1833,54.91,88,44,2.73
459,Pasighat,IN,2021-05-23 21:50:24,28.0667,95.3333,75.42,79,0,4.05
460,Warrnambool,AU,2021-05-23 21:50:24,-38.3833,142.4833,53.82,65,100,16.87
461,Laurel,US,2021-05-23 21:50:24,39.0993,-76.8483,91.89,46,40,5.99
462,Itarema,BR,2021-05-23 21:50:25,-2.9248,-39.9167,79.57,79,45,12.37
463,Linjiang,CN,2021-05-23 21:50:25,41.8069,126.9078,51.71,89,1,2.66
464,Poiana Marului,RO,2021-05-23 21:50:25,45.6,25.3,58.69,88,43,4.41
465,Bubaque,GW,2021-05-23 21:44:24,11.2833,-15.8333,78.84,76,99,17.63
466,Koson,UZ,2021-05-23 21:50:26,39.0375,65.585,71.92,31,17,8.61
467,Tarbagatay,RU,2021-05-23 21:50:26,51.4803,107.3602,40.53,72,33,5.21
468,Mattru,SL,2021-05-23 21:50:26,7.6244,-11.8332,77.29,94,26,2.17
469,San Cristobal,VE,2021-05-23 21:50:27,7.7669,-72.225,80.78,65,98,3.78
470,College,US,2021-05-23 21:50:27,64.8569,-147.8028,53.02,44,75,4.61
471,Birjand,IR,2021-05-23 21:50:27,32.8663,59.2211,75.67,13,0,11.5
472,Wajir,KE,2021-05-23 21:50:28,1.7471,40.0573,76.91,56,41,18.19
473,Hambantota,LK,2021-05-23 21:50:28,6.1241,81.1185,80.94,82,75,18.39
474,Mildura,AU,2021-05-23 21:46:58,-34.2,142.15,53.08,66,100,8.05
475,Kaitangata,NZ,2021-05-23 21:44:39,-46.2817,169.8464,47.93,80,73,3.36
476,Kindu,CD,2021-05-23 21:50:28,-2.95,25.95,70.57,99,100,0.65
477,Batsfjord,NO,2021-05-23 21:50:29,70.6345,29.7185,31.08,77,58,5.68
478,Along,IN,2021-05-23 21:50:29,28.1667,94.7667,70.0,95,11,1.74
479,Berlevag,NO,2021-05-23 21:50:29,70.8578,29.0864,35.08,70,26,3.33
480,Kampot,KH,2021-05-23 21:50:30,10.6167,104.1833,84.25,81,100,12.1
481,Puri,IN,2021-05-23 21:50:30,19.8,85.85,88.38,69,99,6.96
482,Porto Velho,BR,2021-05-23 21:49:56,-8.7619,-63.9039,82.45,78,40,5.75
483,Zalantun,CN,2021-05-23 21:50:30,48.0,122.7167,44.76,53,100,17.69
484,Atkinson,US,2021-05-23 21:50:31,42.8384,-71.147,75.43,59,90,4.0
485,Dongsheng,CN,2021-05-23 21:48:12,39.8161,109.9776,47.61,17,1,18.99
486,Pyshchug,RU,2021-05-23 21:50:31,58.8873,45.7134,52.74,86,100,2.19
487,Angoram,PG,2021-05-23 21:50:31,-4.0625,144.0661,74.89,98,100,1.95
488,Caravelas,BR,2021-05-23 21:44:34,-17.7125,-39.2481,76.12,86,73,9.95
489,Nikolayevsk-Na-Amure,RU,2021-05-23 21:50:32,53.1406,140.73,38.86,95,100,5.7
490,Corrente,BR,2021-05-23 21:50:32,-3.7367,-43.3394,76.75,75,74,3.13
491,Manokwari,ID,2021-05-23 21:50:33,-0.8667,134.0833,78.82,83,100,3.09
492,Meulaboh,ID,2021-05-23 21:47:43,4.1363,96.1285,76.98,88,99,4.94
493,Lyaskelya,RU,2021-05-23 21:50:33,61.7667,31.0167,48.51,99,100,3.98
494,Shimoda,JP,2021-05-23 21:48:30,34.6667,138.95,71.17,73,81,1.21
495,Male,MV,2021-05-23 21:50:34,4.1748,73.5089,84.15,84,75,16.11
496,Kijang,KR,2021-05-23 21:48:26,35.2442,129.2139,69.53,72,100,8.46
497,Dubbo,AU,2021-05-23 21:50:34,-32.25,148.6167,44.73,93,2,12.66
498,Luderitz,NA,2021-05-23 21:48:10,-26.6481,15.1594,72.39,35,0,5.37
499,Jyvaskyla,FI,2021-05-23 21:50:35,62.2415,25.7209,46.76,83,0,8.99
500,Lesosibirsk,RU,2021-05-23 21:50:35,58.2358,92.4828,55.96,99,100,7.61
501,Luena,AO,2021-05-23 21:45:38,-11.7833,19.9167,55.13,58,0,4.45
502,Raditsa-Krylovka,RU,2021-05-23 21:50:35,53.3171,34.3574,48.76,96,3,4.61
503,Asyut,EG,2021-05-23 21:50:36,27.181,31.1837,77.18,33,0,17.29
504,Kruisfontein,ZA,2021-05-23 21:44:22,-34.0033,24.7314,61.2,28,22,9.26
505,Mykhaylivka,UA,2021-05-23 21:50:36,47.2724,35.2224,61.07,72,7,2.62
506,Bangassou,CF,2021-05-23 21:44:10,4.7413,22.8184,70.12,97,94,3.51
507,Pitimbu,BR,2021-05-23 21:50:36,-7.4706,-34.8086,77.59,84,58,10.8
508,Narasannapeta,IN,2021-05-23 21:48:32,18.4167,84.05,85.5,65,100,2.13
509,Sakakah,SA,2021-05-23 21:50:37,29.9697,40.2064,80.17,21,0,5.91
510,Puerto Colombia,CO,2021-05-23 21:50:37,10.9878,-74.9547,86.09,83,100,16.24
511,Tuatapere,NZ,2021-05-23 21:42:30,-46.1333,167.6833,49.82,87,28,3.69
512,Imeni Poliny Osipenko,RU,2021-05-23 21:50:38,52.4201,136.4853,35.55,92,100,12.46
513,Vao,NC,2021-05-23 21:44:17,-22.6667,167.4833,72.18,54,43,16.67
514,Vredendal,ZA,2021-05-23 21:44:54,-31.6683,18.5012,69.28,23,4,10.45
515,Le Port,RE,2021-05-23 21:50:38,-20.9373,55.2919,71.56,71,25,3.65
516,Zhezkazgan,KZ,2021-05-23 21:50:39,47.8043,67.7144,67.89,33,1,13.76
517,Metro,ID,2021-05-23 21:50:39,-5.1131,105.3067,74.55,93,53,3.91
518,Tignere,CM,2021-05-23 21:50:39,7.3667,12.65,66.7,91,100,2.86
519,Yulara,AU,2021-05-23 21:44:45,-25.2406,130.9889,60.64,44,6,4.61
520,Santa Rosa,PH,2021-05-23 21:46:29,14.3122,121.1114,82.9,85,1,5.03
521,Omboue,GA,2021-05-23 21:50:40,-1.5746,9.2618,77.02,91,100,6.91
522,Newport,GB,2021-05-23 21:48:31,51.5877,-2.9984,48.85,87,97,16.11
523,Menongue,AO,2021-05-23 21:50:40,-14.6585,17.691,55.44,57,55,4.54
524,Nhulunbuy,AU,2021-05-23 21:50:40,-12.2333,136.7667,77.61,83,40,8.05
525,Vila Franca Do Campo,PT,2021-05-23 21:44:06,37.7167,-25.4333,59.41,75,38,4.14
526,Kosh-Agach,RU,2021-05-23 21:50:41,50.0,88.6667,39.81,81,9,4.18
527,Cairns,AU,2021-05-23 21:41:20,-16.9167,145.7667,71.06,94,75,9.22
528,Urumqi,CN,2021-05-23 21:50:41,43.801,87.6005,59.95,38,0,0.85
529,Petatlan,MX,2021-05-23 21:50:42,17.5167,-101.2667,91.26,37,63,7.78
530,Wangqing,CN,2021-05-23 21:50:42,43.3218,129.7634,54.45,80,27,2.73
531,Obninsk,RU,2021-05-23 21:50:42,55.0969,36.6103,52.05,96,0,7.11
532,Suruc,TR,2021-05-23 21:50:43,36.9761,38.425,66.4,48,100,6.13
533,Sitka,US,2021-05-23 21:47:25,57.0531,-135.33,48.09,71,75,4.61
534,Seoul,KR,2021-05-23 21:50:43,37.5683,126.9778,61.99,79,90,3.15
535,Kaputa,ZM,2021-05-23 21:50:44,-8.4689,29.6619,64.38,65,42,3.31
536,Ogawara,JP,2021-05-23 21:50:44,38.0516,140.7155,62.94,78,61,4.34
537,Salalah,OM,2021-05-23 21:44:29,17.0151,54.0924,82.49,83,20,3.44
538,Bad Aussee,AT,2021-05-23 21:50:44,47.61,13.7824,45.25,91,14,5.23
539,Longyearbyen,SJ,2021-05-23 21:46:07,78.2186,15.6401,28.24,64,20,9.22
540,Saint-Joseph,RE,2021-05-23 21:50:45,-21.3667,55.6167,70.16,81,84,12.93
541,Tezu,IN,2021-05-23 21:47:57,27.9167,96.1667,75.97,72,1,4.7
542,Waingapu,ID,2021-05-23 21:50:45,-9.6567,120.2641,74.77,85,63,4.07
543,Pochutla,MX,2021-05-23 21:44:42,15.7432,-96.4661,89.82,48,8,8.05
544,Tucuman,AR,2021-05-23 21:50:14,-26.8241,-65.2226,64.4,43,0,2.28
545,Kudeyevskiy,RU,2021-05-23 21:50:46,54.8758,56.7567,72.63,58,64,5.75
546,Majene,ID,2021-05-23 21:50:46,-3.5403,118.9707,77.34,86,65,4.41
547,Marsa Matruh,EG,2021-05-23 21:50:46,31.3525,27.2453,68.2,77,0,8.05
548,Soyo,AO,2021-05-23 21:48:53,-6.1349,12.3689,77.95,82,96,3.22
549,Sao Luiz Gonzaga,BR,2021-05-23 21:50:47,-28.4083,-54.9608,52.47,77,98,10.27
550,Gamba,GA,2021-05-23 21:50:47,-2.65,10.0,76.44,92,100,5.23
551,Yurimaguas,PE,2021-05-23 21:50:47,-5.9,-76.0833,89.76,58,40,4.61
552,Tessalit,ML,2021-05-23 21:44:29,20.1986,1.0114,94.21,20,99,12.24
553,Uinskoye,RU,2021-05-23 21:50:48,56.8817,56.5813,59.88,93,100,7.23
554,Panorama,GR,2021-05-23 21:50:48,40.5878,23.0315,65.53,71,0,1.99
555,Terra Nova,BR,2021-05-23 21:50:48,-12.3667,-40.6667,75.78,58,10,3.76
556,Dakar,SN,2021-05-23 21:43:30,14.6937,-17.4441,71.73,83,75,9.22
557,Chilliwack,CA,2021-05-23 21:50:49,49.1747,-121.9443,63.52,77,98,1.01
558,Nouakchott,MR,2021-05-23 21:50:43,18.0858,-15.9785,66.13,91,2,12.59
559,Karangampel,ID,2021-05-23 21:50:49,-6.4622,108.4519,79.34,82,52,6.69
560,Muzaffarabad,PK,2021-05-23 21:50:50,34.37,73.4711,61.86,64,57,6.24
561,Ambilobe,MG,2021-05-23 21:47:02,-13.2,49.05,68.67,85,50,3.0
562,Elbrus,RU,2021-05-23 21:50:50,43.2577,42.6443,47.43,85,94,1.72
563,Magdagachi,RU,2021-05-23 21:50:50,53.45,125.8,46.54,89,100,9.19
564,Aswan,EG,2021-05-23 21:50:51,24.0934,32.907,78.53,22,0,10.45
565,Matara,LK,2021-05-23 21:50:51,5.9485,80.5353,80.35,87,100,13.94
566,Faya,SA,2021-05-23 21:50:51,18.3851,42.4509,68.11,43,0,2.98
567,Syedove,UA,2021-05-23 21:50:52,47.0768,38.156,66.0,66,5,11.54
568,Sangar,RU,2021-05-23 21:47:02,63.9242,127.4739,46.81,50,74,3.91
569,Garowe,SO,2021-05-23 21:50:52,8.4054,48.4845,79.65,58,73,18.72
570,Namibe,AO,2021-05-23 21:44:16,-15.1961,12.1522,72.95,80,48,6.38
571,Pedasi,PA,2021-05-23 21:50:52,7.5333,-80.0333,76.44,77,100,3.42
572,Pimenta Bueno,BR,2021-05-23 21:47:22,-11.6725,-61.1936,75.09,95,100,4.09
573,Providencia,MX,2021-05-23 21:50:53,28.7167,-111.5833,95.56,20,0,3.0
574,Nanpiao,CN,2021-05-23 21:47:24,41.0982,120.7479,60.21,19,98,11.7
575,Arcot,IN,2021-05-23 21:50:54,12.9,79.3333,82.85,68,97,7.43
576,Caborca,MX,2021-05-23 21:50:54,30.5838,-111.101,83.5,6,0,11.68
